onset,offset,minFrequency,maxFrequency,species,individual,clustername,filename,channelIndex,age,category,publication info
0.2102799531234751,0.3592766501891996,432,22050,zebrafinch,R3277,call,ZF.wav,0,99,Adults,Lipkind et al 2017;
0.4141019079613148,0.4508675286289883,1384,20061,zebrafinch,R3277,call,ZF.wav,0,99,Adults,Lipkind et al 2017;
0.472797470905123,0.5205281967381233,2594,21964,zebrafinch,R3277,call,ZF.wav,0,99,Adults,Lipkind et al 2017;
0.5411681266418666,0.6250191989018259,951,22050,zebrafinch,R3277,call,ZF.wav,0,99,Adults,Lipkind et al 2017;
0.6882295370944852,0.8417412774635794,605,19629,zebrafinch,R3277,call,ZF.wav,0,99,Adults,Lipkind et al 2017;
0.870121281601671,0.8868917104972781,1297,19629,zebrafinch,R3277,call,ZF.wav,0,99,Adults,Lipkind et al 2017;
0.9204317641249352,1.0913586715213133,346,22050,zebrafinch,R3277,call,ZF.wav,0,99,Adults,Lipkind et al 2017;
1.1300587746385362,1.1687594138647968,951,21877,zebrafinch,R3277,call,ZF.wav,0,99,Adults,Lipkind et al 2017;
1.1835942880927788,1.2313250139257792,1556,21099,zebrafinch,R3277,call,ZF.wav,0,99,Adults,Lipkind et al 2017;
1.2558349809466969,1.3383960408342643,692,22050,zebrafinch,R3277,call,ZF.wav,0,99,Adults,Lipkind et al 2017;
1.4003163666545324,1.5564081317684093,519,21877,zebrafinch,R3277,call,ZF.wav,0,99,Adults,Lipkind et al 2017;
1.6538037978294404,1.7337848329722254,346,22050,zebrafinch,R3277,call,ZF.wav,0,99,Adults,Lipkind et al 2017;
1.974832513987819,2.1103929782917525,1038,22050,zebrafinch,R3406,call,ZF.wav,0,108,Adults,Lipkind et al 2017
2.1670778642890034,2.3339672004938707,692,22050,zebrafinch,R3406,call,ZF.wav,0,108,Adults,Lipkind et al 2017
2.361459274037979,2.368856171474456,2162,3026,zebrafinch,R3406,call,ZF.wav,0,108,Adults,Lipkind et al 2017
2.391364106307052,2.4350740143559753,1384,20666,zebrafinch,R3406,call,ZF.wav,0,108,Adults,Lipkind et al 2017
2.4340852952628707,2.4813553023914454,4842,21445,zebrafinch,R3406,call,ZF.wav,0,108,Adults,Lipkind et al 2017
2.4753824445868284,2.571781819014595,519,22050,zebrafinch,R3406,call,ZF.wav,0,108,Adults,Lipkind et al 2017
2.8847938387467584,3.0203543030506923,1038,22050,zebrafinch,R3406,call,ZF.wav,0,108,Adults,Lipkind et al 2017
3.0813113079435244,3.2567448819395555,605,22050,zebrafinch,R3406,call,ZF.wav,0,108,Adults,Lipkind et al 2017
3.309869668857155,3.3564276561697994,1470,17467,zebrafinch,R3406,call,ZF.wav,0,108,Adults,Lipkind et al 2017
3.3540148974448343,3.3977248054937577,4410,20926,zebrafinch,R3406,call,ZF.wav,0,108,Adults,Lipkind et al 2017
3.396736086400653,3.4902873815646984,432,21877,zebrafinch,R3406,call,ZF.wav,0,108,Adults,Lipkind et al 2017
3.8856910506458386,4.008259247484973,432,15305,zebrafinch,R3413,call,ZF.wav,0,105,Adults,Lipkind et al 2017
4.372075975259693,4.502283725888574,259,20407,zebrafinch,R3413,call,ZF.wav,0,105,Adults,Lipkind et al 2017
4.566884596898227,4.726377303721136,778,22050,zebrafinch,R3413,call,ZF.wav,0,105,Adults,Lipkind et al 2017
4.794797951625661,4.956200546896007,778,21877,zebrafinch,R3413,call,ZF.wav,0,105,Adults,Lipkind et al 2017
5.023984565318054,5.22422155901961,432,21964,zebrafinch,R3413,call,ZF.wav,0,105,Adults,Lipkind et al 2017
5.640801382435993,5.801339210091517,346,22050,zebrafinch,R3428,call,ZF.wav,0,100,Adults,Lipkind et al 2017
5.840992787547722,5.9806150952662,1038,22050,zebrafinch,R3428,call,ZF.wav,0,100,Adults,Lipkind et al 2017
6.032220398400717,6.177818568958351,865,22050,zebrafinch,R3428,call,ZF.wav,0,100,Adults,Lipkind et al 2017
6.229423872092869,6.388467734038604,951,22050,zebrafinch,R3428,call,ZF.wav,0,100,Adults,Lipkind et al 2017
6.434110361925351,6.58224996973709,1124,22050,zebrafinch,R3428,call,ZF.wav,0,100,Adults,Lipkind et al 2017
6.624723807808118,6.792117299042358,865,22050,zebrafinch,R3428,call,ZF.wav,0,100,Adults,Lipkind et al 2017
6.872136209787264,7.037604312679255,519,22050,zebrafinch,R3428,call,ZF.wav,0,100,Adults,Lipkind et al 2017
7.098369340001659,7.262874748722524,1038,22050,zebrafinch,R3428,call,ZF.wav,0,100,Adults,Lipkind et al 2017
7.321714387702679,7.5102871507016715,519,22050,zebrafinch,R3428,call,ZF.wav,0,100,Adults,Lipkind et al 2017
7.532968110993872,7.532968110993872,6485,7350,zebrafinch,R3428,call,ZF.wav,0,100,Adults,Lipkind et al 2017
7.9324022217994274,8.108338398018468,778,21791,zebrafinch,R3540,call,ZF.wav,0,100,Adults,Lipkind et al 2017
8.133443111003281,8.144777059186668,5188,19024,zebrafinch,R3540,call,ZF.wav,0,100,Adults,Lipkind et al 2017
8.167695586528646,8.167695586528646,5621,15478,zebrafinch,R3540,call,ZF.wav,0,100,Adults,Lipkind et al 2017
8.18872935553434,8.232732448213353,1211,22050,zebrafinch,R3540,call,ZF.wav,0,100,Adults,Lipkind et al 2017
8.226424522260062,8.269171109381551,4929,15651,zebrafinch,R3540,call,ZF.wav,0,100,Adults,Lipkind et al 2017
8.271030469552167,8.360896015080808,692,22050,zebrafinch,R3540,call,ZF.wav,0,100,Adults,Lipkind et al 2017
8.375320430826667,8.388539137346338,5275,13922,zebrafinch,R3540,call,ZF.wav,0,100,Adults,Lipkind et al 2017
8.412387344773627,8.5613086515059,692,21964,zebrafinch,R3540,call,ZF.wav,0,100,Adults,Lipkind et al 2017
8.578874331145567,8.597119059895336,4237,18591,zebrafinch,R3540,call,ZF.wav,0,100,Adults,Lipkind et al 2017
8.621595520101387,8.67502240446183,951,22050,zebrafinch,R3540,call,ZF.wav,0,100,Adults,Lipkind et al 2017
8.668714478508539,8.708948054514979,4756,18764,zebrafinch,R3540,call,ZF.wav,0,100,Adults,Lipkind et al 2017
8.710179161906835,8.795646937984142,692,22050,zebrafinch,R3540,call,ZF.wav,0,100,Adults,Lipkind et al 2017
8.815097375960095,8.825803071364719,3718,18332,zebrafinch,R3540,call,ZF.wav,0,100,Adults,Lipkind et al 2017
8.854049048243342,8.999200838303041,519,21099,zebrafinch,R3540,call,ZF.wav,0,100,Adults,Lipkind et al 2017
9.05383343188967,9.09720827178992,951,22050,zebrafinch,R3540,call,ZF.wav,0,100,Adults,Lipkind et al 2017
9.094669862509203,9.138672955188214,4410,19975,zebrafinch,R3540,call,ZF.wav,0,100,Adults,Lipkind et al 2017
9.139275809801308,9.216576299754708,692,22050,zebrafinch,R3540,call,ZF.wav,0,100,Adults,Lipkind et al 2017
9.24168101273952,9.248617191471572,4324,15305,zebrafinch,R3540,call,ZF.wav,0,100,Adults,Lipkind et al 2017
9.280267373087998,9.41387606542591,951,20839,zebrafinch,R3540,call,ZF.wav,0,100,Adults,Lipkind et al 2017
9.617557534321001,9.63662940182378,951,19369,zebrafinch,R3549,call,ZF.wav,0,97,Adults,Lipkind et al 2017
9.669800373449085,9.675604218316161,4064,14354,zebrafinch,R3549,call,ZF.wav,0,97,Adults,Lipkind et al 2017
9.698824172964688,9.721213046126396,692,19629,zebrafinch,R3549,call,ZF.wav,0,97,Adults,Lipkind et al 2017
9.742774497945458,9.750236845641998,4064,17035,zebrafinch,R3549,call,ZF.wav,0,97,Adults,Lipkind et al 2017
9.780090811608376,9.906136111611522,865,21877,zebrafinch,R3549,call,ZF.wav,0,97,Adults,Lipkind et al 2017
9.954233608701992,9.979939487522627,1470,14095,zebrafinch,R3549,call,ZF.wav,0,97,Adults,Lipkind et al 2017
10.034670995930949,10.068669388898897,1470,21445,zebrafinch,R3549,call,ZF.wav,0,97,Adults,Lipkind et al 2017
10.067011801105478,10.104327199732353,4410,21445,zebrafinch,R3549,call,ZF.wav,0,97,Adults,Lipkind et al 2017
10.102669611938932,10.172325815740336,346,21877,zebrafinch,R3549,call,ZF.wav,0,97,Adults,Lipkind et al 2017
10.209642586921277,10.209642586921277,1470,7609,zebrafinch,R3549,call,ZF.wav,0,97,Adults,Lipkind et al 2017
10.232032832637048,10.351444121322341,692,22050,zebrafinch,R3549,call,ZF.wav,0,97,Adults,Lipkind et al 2017
10.373419741330748,10.373419741330748,605,20061,zebrafinch,R3549,call,ZF.wav,0,97,Adults,Lipkind et al 2017
10.394980278113767,10.394980278113767,778,13316,zebrafinch,R3549,call,ZF.wav,0,97,Adults,Lipkind et al 2017
10.412809641048517,10.447637285431197,951,22050,zebrafinch,R3549,call,ZF.wav,0,97,Adults,Lipkind et al 2017
10.445150446223046,10.483295096264651,4324,19110,zebrafinch,R3549,call,ZF.wav,0,97,Adults,Lipkind et al 2017
10.484125262715427,10.54797670661371,519,22050,zebrafinch,R3549,call,ZF.wav,0,97,Adults,Lipkind et al 2017
10.571196203744213,10.571196203744213,432,19715,zebrafinch,R3549,call,ZF.wav,0,97,Adults,Lipkind et al 2017
10.590683611990404,10.590683611990404,519,6399,zebrafinch,R3549,call,ZF.wav,0,97,Adults,Lipkind et al 2017
10.61265923199881,10.733729023513567,692,22050,zebrafinch,R3549,call,ZF.wav,0,97,Adults,Lipkind et al 2017
10.753631514985145,10.753631514985145,4756,10204,zebrafinch,R3549,call,ZF.wav,0,97,Adults,Lipkind et al 2017
10.805874811631252,10.842360958843395,1556,20580,zebrafinch,R3549,call,ZF.wav,0,97,Adults,Lipkind et al 2017
10.839044868220512,10.873872512603192,4756,21358,zebrafinch,R3549,call,ZF.wav,0,97,Adults,Lipkind et al 2017
10.8755319304687,10.94435888285537,692,21964,zebrafinch,R3549,call,ZF.wav,0,97,Adults,Lipkind et al 2017
11.003236648337351,11.124306439852107,692,22050,zebrafinch,R3549,call,ZF.wav,0,97,Adults,Lipkind et al 2017
11.606740593000547,11.664186784591937,432,16170,zebrafinch,R4655,call,ZF.wav,0,100,Adults,Lipkind et al 2017
11.793779679337057,11.856544517933276,519,16602,zebrafinch,R4655,call,ZF.wav,0,100,Adults,Lipkind et al 2017
11.967522148161493,12.008125957570922,1470,14008,zebrafinch,R4655,call,ZF.wav,0,100,Adults,Lipkind et al 2017
12.008298441865186,12.024081898585411,778,15305,zebrafinch,R4655,call,ZF.wav,0,100,Adults,Lipkind et al 2017
12.034891676889334,12.099429397820499,692,18418,zebrafinch,R4655,call,ZF.wav,0,100,Adults,Lipkind et al 2017
12.122649352469024,12.174776897055585,865,17986,zebrafinch,R4655,call,ZF.wav,0,100,Adults,Lipkind et al 2017
12.199769734039055,12.279376954817236,692,9252,zebrafinch,R4655,call,ZF.wav,0,100,Adults,Lipkind et al 2017
12.273344350939198,12.316607483851044,605,13230,zebrafinch,R4655,call,ZF.wav,0,100,Adults,Lipkind et al 2017
12.33450879149474,12.367134630396926,865,18332,zebrafinch,R4655,call,ZF.wav,0,100,Adults,Lipkind et al 2017
12.432017319916618,12.453119423641672,951,18159,zebrafinch,R4655,call,ZF.wav,0,100,Adults,Lipkind et al 2017
12.467474966615482,12.659660215662557,1556,17554,zebrafinch,R4655,call,ZF.wav,0,100,Adults,Lipkind et al 2017
12.678804942910329,12.678804942910329,2335,18072,zebrafinch,R4655,call,ZF.wav,0,100,Adults,Lipkind et al 2017
12.73695308152685,12.871519654688273,1211,22050,zebrafinch,R4655,call,ZF.wav,0,100,Adults,Lipkind et al 2017
12.959449814562227,13.102880799398363,519,20321,zebrafinch,R4655,call,ZF.wav,0,100,Adults,Lipkind et al 2017
13.1757414594253,13.312967356089136,951,21185,zebrafinch,R4655,call,ZF.wav,0,100,Adults,Lipkind et al 2017
13.339646833260415,13.339646833260415,4929,5621,zebrafinch,R4655,call,ZF.wav,0,100,Adults,Lipkind et al 2017
13.454199166173405,13.505440269592494,1816,16343,zebrafinch,R4655,call,ZF.wav,0,100,Adults,Lipkind et al 2017
13.73498709036648,13.790927285135716,432,17035,zebrafinch,R4657,call,ZF.wav,0,100,Adults,Lipkind et al 2017
14.179723202549901,14.250056151758727,519,16170,zebrafinch,R4657,call,ZF.wav,0,100,Adults,Lipkind et al 2017
14.769826134573208,14.848794736445791,432,16084,zebrafinch,R4657,call,ZF.wav,0,100,Adults,Lipkind et al 2017
15.577259658634366,15.663424637726745,346,15478,zebrafinch,R4657,call,ZF.wav,0,100,Adults,Lipkind et al 2017
16.682623199595096,16.74575977158413,432,15305,zebrafinch,R4657,call,ZF.wav,0,100,Adults,Lipkind et al 2017
17.172106898132657,17.266983782892446,605,22050,zebrafinch,R5029,call,ZF.wav,0,100,Adults,unpublished
17.37293824650499,17.505846316836948,432,22050,zebrafinch,R5029,call,ZF.wav,0,100,Adults,unpublished
17.529066271485473,17.54654635753699,3372,18591,zebrafinch,R5029,call,ZF.wav,0,100,Adults,unpublished
17.577772877569128,17.746043278345386,692,22050,zebrafinch,R5029,call,ZF.wav,0,100,Adults,unpublished
17.80128949452837,17.960218902357074,519,22050,zebrafinch,R5029,call,ZF.wav,0,100,Adults,unpublished
17.97449773480921,17.97449773480921,3113,21877,zebrafinch,R5029,call,ZF.wav,0,100,Adults,unpublished
17.994781491299054,18.0282747081178,1470,22050,zebrafinch,R5029,call,ZF.wav,0,100,Adults,unpublished
18.03014382174335,18.067640321253904,4669,21531,zebrafinch,R5029,call,ZF.wav,0,100,Adults,unpublished
18.070843862443393,18.151709257781857,692,22050,zebrafinch,R5029,call,ZF.wav,0,100,Adults,unpublished
18.176263639994318,18.18506994688025,3459,19715,zebrafinch,R5029,call,ZF.wav,0,100,Adults,unpublished
18.212293184220584,18.354542247500092,432,22050,zebrafinch,R5029,call,ZF.wav,0,100,Adults,unpublished
18.39717766568586,18.39717766568586,6745,7609,zebrafinch,R5029,call,ZF.wav,0,100,Adults,unpublished
18.44982129060115,18.536024396195355,951,22050,zebrafinch,R5029,call,ZF.wav,0,100,Adults,unpublished
18.74389164543497,18.875312782195685,346,21964,zebrafinch,R5035,call,ZF.wav,0,100,Adults,unpublished
18.899447772888053,19.056489918876334,519,21964,zebrafinch,R5035,call,ZF.wav,0,100,Adults,unpublished
19.098010594401693,19.25688281247766,605,22050,zebrafinch,R5035,call,ZF.wav,0,100,Adults,unpublished
19.281017803170027,19.439890021245994,519,22050,zebrafinch,R5035,call,ZF.wav,0,100,Adults,unpublished
19.46951522820141,19.64851823924189,346,21964,zebrafinch,R5035,call,ZF.wav,0,100,Adults,unpublished
19.670823157846577,19.84525098866785,346,22050,zebrafinch,R5035,call,ZF.wav,0,100,Adults,unpublished
20.11187053097826,20.185644396976947,432,16775,zebrafinch,R5035,call,ZF.wav,0,100,Adults,unpublished
20.513571354224748,20.540678381987515,432,11241,zebrafinch,R5035,call,ZF.wav,0,100,Adults,unpublished
20.96377657393348,21.058586737315075,1038,16343,zebrafinch,R5036,call,ZF.wav,0,100,Adults,unpublished
22.227279312846058,22.384006915194266,692,21964,zebrafinch,R5036,call,ZF.wav,0,100,Adults,unpublished
23.966772363814517,24.115760286291902,519,22050,zebrafinch,R5036,call,ZF.wav,0,100,Adults,unpublished
24.17187388039144,24.315057042965705,519,21704,zebrafinch,R5036,call,ZF.wav,0,100,Adults,unpublished
24.446632515805817,24.554987118961357,432,17294,zebrafinch,R5036,call,ZF.wav,0,100,Adults,unpublished
24.847160949121136,24.94584095243814,519,17035,zebrafinch,R5036,call,ZF.wav,0,100,Adults,unpublished
25.005824386473098,25.02710759108183,5275,21272,zebrafinch,R5036,call,ZF.wav,0,100,Adults,unpublished
25.060002145568887,25.15481230895048,692,15478,zebrafinch,R5036,call,ZF.wav,0,100,Adults,unpublished
25.422701635340978,25.46353420376137,951,17294,zebrafinch,R5224,call,ZF.wav,0,106,Adults,unpublished
25.580087834881745,25.625495583521346,951,17467,zebrafinch,R5224,call,ZF.wav,0,106,Adults,unpublished
25.738389070466354,25.78745696328132,951,19629,zebrafinch,R5224,call,ZF.wav,0,106,Adults,unpublished
25.971723261645977,26.15621648894951,692,22050,zebrafinch,R5224,call,ZF.wav,0,106,Adults,unpublished
26.161135722721202,26.19007282257165,3199,18418,zebrafinch,R5224,call,ZF.wav,0,106,Adults,unpublished
26.218782993483227,26.363014634857727,951,22050,zebrafinch,R5224,call,ZF.wav,0,106,Adults,unpublished
26.45120214861901,26.49294975308324,1470,20321,zebrafinch,R5224,call,ZF.wav,0,106,Adults,unpublished
26.498784022898775,26.54236169945069,4496,21877,zebrafinch,R5224,call,ZF.wav,0,106,Adults,unpublished
26.538130572783967,26.65033595262401,951,22050,zebrafinch,R5224,call,ZF.wav,0,106,Adults,unpublished
26.717477637376934,26.847068702049967,1124,22050,zebrafinch,R5224,call,ZF.wav,0,106,Adults,unpublished
26.938916359986617,27.120664479158624,519,22050,zebrafinch,R5224,call,ZF.wav,0,106,Adults,unpublished
27.197871560393807,27.340273129680625,951,21964,zebrafinch,R5224,call,ZF.wav,0,106,Adults,unpublished
27.500748490905398,27.533345734931213,259,21877,zebrafinch,R5224,call,ZF.wav,0,106,Adults,unpublished
27.57536493353121,27.607066204764095,432,22050,zebrafinch,R5228,call,ZF.wav,0,100,Adults,unpublished
27.762261045485868,27.795601756297305,346,22050,zebrafinch,R5228,call,ZF.wav,0,100,Adults,unpublished
28.133594110027364,28.1669348208388,432,21791,zebrafinch,R5228,call,ZF.wav,0,100,Adults,unpublished
28.395084722806033,28.57105667695129,605,22050,zebrafinch,R5228,call,ZF.wav,0,100,Adults,unpublished
28.659854214741802,28.810414855419538,346,20753,zebrafinch,R5228,call,ZF.wav,0,100,Adults,unpublished
28.887736316160204,28.92107702697164,1470,21358,zebrafinch,R5228,call,ZF.wav,0,100,Adults,unpublished
28.93282090457032,28.96534189559248,2767,21445,zebrafinch,R5228,call,ZF.wav,0,100,Adults,unpublished
28.952494179512914,29.06534770988401,951,21877,zebrafinch,R5228,call,ZF.wav,0,100,Adults,unpublished
29.15578468725307,29.295688970670234,951,22050,zebrafinch,R5228,call,ZF.wav,0,100,Adults,unpublished
29.391044266774944,29.486683681571268,778,21791,zebrafinch,R5228,call,ZF.wav,0,100,Adults,unpublished
29.713434760312982,29.761673401713214,432,21618,zebrafinch,R5255,call,ZF.wav,0,100,Adults,unpublished
30.703646734131514,30.846029240167415,1038,21445,zebrafinch,R5255,call,ZF.wav,0,100,Adults,unpublished
30.920291049136484,30.9605898465313,1729,22050,zebrafinch,R5255,call,ZF.wav,0,100,Adults,unpublished
30.96112453259292,31.00936317399315,4929,20494,zebrafinch,R5255,call,ZF.wav,0,100,Adults,unpublished
31.00195801604935,31.102372775199473,1211,21358,zebrafinch,R5255,call,ZF.wav,0,100,Adults,unpublished
31.175500320739197,31.308808719340334,1038,21964,zebrafinch,R5255,call,ZF.wav,0,100,Adults,unpublished
31.391010372314824,31.533392878350725,778,22050,zebrafinch,R5255,call,ZF.wav,0,100,Adults,unpublished
31.603117633602412,31.64568495785592,1729,21964,zebrafinch,R5255,call,ZF.wav,0,100,Adults,unpublished
31.643951117058847,31.69218975845908,4929,19802,zebrafinch,R5255,call,ZF.wav,0,100,Adults,unpublished
31.688187390803318,31.76591688136653,1211,21964,zebrafinch,R5255,call,ZF.wav,0,100,Adults,unpublished
31.786868309156365,31.798810520817547,2421,15565,zebrafinch,R5255,call,ZF.wav,0,100,Adults,unpublished
31.86966953949858,32.00411220152906,951,21877,zebrafinch,R5255,call,ZF.wav,0,100,Adults,unpublished
32.12034175738391,32.19466845765909,1211,21704,zebrafinch,R5255,call,ZF.wav,0,100,Adults,unpublished
32.42335143770273,32.65161388910335,346,22050,zebrafinch,R5256,call,ZF.wav,0,100,Adults,unpublished
32.71113027349093,32.923837112146245,346,22050,zebrafinch,R5256,call,ZF.wav,0,100,Adults,unpublished
32.97427938909906,33.16170835704325,519,21964,zebrafinch,R5256,call,ZF.wav,0,100,Adults,unpublished
33.3110503222166,33.3110503222166,432,22050,zebrafinch,R5256,call,ZF.wav,0,100,Adults,unpublished
33.34372519180013,33.39244994609866,346,21877,zebrafinch,R5256,call,ZF.wav,0,100,Adults,unpublished
33.500577620315326,33.54995052514491,951,21791,zebrafinch,R5256,call,ZF.wav,0,100,Adults,unpublished
33.97625397587927,34.00826979075222,778,20407,zebrafinch,R5707,call,ZF.wav,0,100,Adults,unpublished
34.2334172307006,34.275393594175796,692,21185,zebrafinch,R5707,call,ZF.wav,0,100,Adults,unpublished
34.46341535297039,34.62310729083563,692,20753,zebrafinch,R5707,call,ZF.wav,0,100,Adults,unpublished
34.687074944311476,34.862160457289264,1729,20148,zebrafinch,R5707,call,ZF.wav,0,100,Adults,unpublished
34.792113456844135,34.85491642194218,1816,19110,zebrafinch,R5707,call,ZF.wav,0,100,Adults,unpublished
34.91435655332611,35.025151252598555,951,22050,zebrafinch,R5707,call,ZF.wav,0,100,Adults,unpublished
35.08821340165602,35.11841820769221,2421,19110,zebrafinch,R5707,call,ZF.wav,0,100,Adults,unpublished
35.12805559606496,35.15644939326438,4496,15824,zebrafinch,R5707,call,ZF.wav,0,100,Adults,unpublished
35.16065375512682,35.23432277324549,865,22050,zebrafinch,R5707,call,ZF.wav,0,100,Adults,unpublished
35.28923538253749,35.45888786900496,778,21791,zebrafinch,R5707,call,ZF.wav,0,100,Adults,unpublished
35.48844635458219,35.4987300634139,5275,14008,zebrafinch,R5707,call,ZF.wav,0,100,Adults,unpublished
35.52195001806243,35.68798048685636,1556,18851,zebrafinch,R5707,call,ZF.wav,0,100,Adults,unpublished
35.635138070360554,35.70156305313214,2248,20753,zebrafinch,R5707,call,ZF.wav,0,100,Adults,unpublished
36.140648832118,36.15924538242388,259,10031,zebrafinch,R3280,call,ZF.wav,0,38,Juveniles,Lipkind et al 2017;
36.68339221933867,36.711571718696604,692,9252,zebrafinch,R3280,call,ZF.wav,0,38,Juveniles,Lipkind et al 2017;
36.83584822698493,36.8457330054253,778,4496,zebrafinch,R3280,call,ZF.wav,0,38,Juveniles,Lipkind et al 2017;
36.870695314446934,36.95201662218441,346,8993,zebrafinch,R3280,call,ZF.wav,0,38,Juveniles,Lipkind et al 2017;
36.975236576832934,36.987304748414346,3199,12798,zebrafinch,R3280,call,ZF.wav,0,38,Juveniles,Lipkind et al 2017;
37.00703999431667,37.04828170129819,346,12452,zebrafinch,R3280,call,ZF.wav,0,38,Juveniles,Lipkind et al 2017;
37.101998307650625,37.14063193324715,951,9079,zebrafinch,R3280,call,ZF.wav,0,38,Juveniles,Lipkind et al 2017;
37.18650249474597,37.2077125766115,1556,6831,zebrafinch,R3280,call,ZF.wav,0,38,Juveniles,Lipkind et al 2017;
37.24225783468518,37.260854384991056,778,9079,zebrafinch,R3280,call,ZF.wav,0,38,Juveniles,Lipkind et al 2017;
37.34070085676533,37.40285626639871,692,9339,zebrafinch,R3280,call,ZF.wav,0,38,Juveniles,Lipkind et al 2017;
37.48111129849405,37.48111129849405,605,7436,zebrafinch,R3280,call,ZF.wav,0,38,Juveniles,Lipkind et al 2017;
37.50535334502329,37.649399410192366,519,12106,zebrafinch,R3280,call,ZF.wav,0,38,Juveniles,Lipkind et al 2017;
37.67261936484089,37.70515475013157,1211,6831,zebrafinch,R3280,call,ZF.wav,0,38,Juveniles,Lipkind et al 2017;
37.737086476645594,37.74871360945907,3199,12711,zebrafinch,R3280,call,ZF.wav,0,38,Juveniles,Lipkind et al 2017;
37.774547095667245,37.835831328114075,519,12106,zebrafinch,R3280,call,ZF.wav,0,38,Juveniles,Lipkind et al 2017;
37.86514952306845,37.90378314866498,432,13576,zebrafinch,R3280,call,ZF.wav,0,38,Juveniles,Lipkind et al 2017;
37.9235183945673,38.02487677759543,519,12019,zebrafinch,R3280,call,ZF.wav,0,38,Juveniles,Lipkind et al 2017;
38.058550858482555,38.07540505441533,605,8734,zebrafinch,R3280,call,ZF.wav,0,38,Juveniles,Lipkind et al 2017;
38.436359359248684,38.44796973865473,692,8820,zebrafinch,R3280,call,ZF.wav,0,48,Juveniles,Lipkind et al 2017;
38.50085997786825,38.51956542532245,605,7782,zebrafinch,R3280,call,ZF.wav,0,48,Juveniles,Lipkind et al 2017;
38.5840657758875,38.59051610580398,605,7782,zebrafinch,R3280,call,ZF.wav,0,48,Juveniles,Lipkind et al 2017;
38.640181314086526,38.66340180484409,692,10549,zebrafinch,R3280,call,ZF.wav,0,48,Juveniles,Lipkind et al 2017;
38.72532226469161,38.72532226469161,1643,7955,zebrafinch,R3280,call,ZF.wav,0,48,Juveniles,Lipkind et al 2017;
38.82594309571088,38.87367382154388,1470,11328,zebrafinch,R3280,call,ZF.wav,0,48,Juveniles,Lipkind et al 2017;
38.898828794751,38.924629310253344,3286,11414,zebrafinch,R3280,call,ZF.wav,0,48,Juveniles,Lipkind et al 2017;
38.94784926490187,39.00009503403824,951,9425,zebrafinch,R3280,call,ZF.wav,0,48,Juveniles,Lipkind et al 2017;
39.01621992063861,39.06201562791303,605,8561,zebrafinch,R3280,call,ZF.wav,0,48,Juveniles,Lipkind et al 2017;
39.09910334959202,39.09910334959202,5448,6053,zebrafinch,R3280,call,ZF.wav,0,48,Juveniles,Lipkind et al 2017;
39.128450997036666,39.22842722395152,692,11587,zebrafinch,R3280,call,ZF.wav,0,48,Juveniles,Lipkind et al 2017;
39.256807228089606,39.27035262605424,692,7696,zebrafinch,R3280,call,ZF.wav,0,48,Juveniles,Lipkind et al 2017;
39.29550759926135,39.3806486838937,346,13922,zebrafinch,R3280,call,ZF.wav,0,48,Juveniles,Lipkind et al 2017;
39.4077386756594,39.41225398701729,3199,9252,zebrafinch,R3280,call,ZF.wav,0,48,Juveniles,Lipkind et al 2017;
39.45611413962408,39.49223475410555,951,10463,zebrafinch,R3280,call,ZF.wav,0,48,Juveniles,Lipkind et al 2017;
39.51416469638169,39.53351515002208,1470,10117,zebrafinch,R3280,call,ZF.wav,0,48,Juveniles,Lipkind et al 2017;
39.569635228394525,39.58447063873154,3632,14008,zebrafinch,R3280,call,ZF.wav,0,48,Juveniles,Lipkind et al 2017;
39.668966181068654,39.69089665945383,692,6831,zebrafinch,R3280,call,ZF.wav,0,48,Juveniles,Lipkind et al 2017;
39.715406626474746,39.73153204918416,692,6572,zebrafinch,R3280,call,ZF.wav,0,48,Juveniles,Lipkind et al 2017;
39.82505767812802,39.82763797092732,346,6053,zebrafinch,R3280,call,ZF.wav,0,48,Juveniles,Lipkind et al 2017;
39.97244172570099,39.97244172570099,1470,3199,zebrafinch,R3280,call,ZF.wav,0,48,Juveniles,Lipkind et al 2017;
40.05377194484747,40.20728368521657,605,20666,zebrafinch,R3280,call,ZF.wav,0,62,Juveniles,Lipkind et al 2017;
40.26722710895966,40.431067325011604,519,20926,zebrafinch,R3280,call,ZF.wav,0,62,Juveniles,Lipkind et al 2017;
40.60449008803382,40.60449008803382,7177,8128,zebrafinch,R3280,call,ZF.wav,0,62,Juveniles,Lipkind et al 2017;
40.651675926043445,40.735183553451016,778,17381,zebrafinch,R3280,call,ZF.wav,0,62,Juveniles,Lipkind et al 2017;
40.74233699037067,40.82240179255062,778,16516,zebrafinch,R3280,call,ZF.wav,0,62,Juveniles,Lipkind et al 2017;
40.880049999475304,40.917653290514664,1384,8647,zebrafinch,R3280,call,ZF.wav,0,62,Juveniles,Lipkind et al 2017;
40.915625860160674,40.965852843701285,4756,20061,zebrafinch,R3280,call,ZF.wav,0,62,Juveniles,Lipkind et al 2017;
40.963825413347294,41.04274260711804,519,12711,zebrafinch,R3280,call,ZF.wav,0,62,Juveniles,Lipkind et al 2017;
41.10612885608876,41.28259276464196,605,21185,zebrafinch,R3280,call,ZF.wav,0,62,Juveniles,Lipkind et al 2017;
41.31256447651351,41.31256447651351,6399,7869,zebrafinch,R3280,call,ZF.wav,0,62,Juveniles,Lipkind et al 2017;
41.45385420407797,41.53965704830395,951,16689,zebrafinch,R3280,call,ZF.wav,0,62,Juveniles,Lipkind et al 2017;
41.53992483476837,41.62113724535753,778,18937,zebrafinch,R3280,call,ZF.wav,0,62,Juveniles,Lipkind et al 2017;
41.67993306069142,41.718683960139984,1470,12884,zebrafinch,R3280,call,ZF.wav,0,62,Juveniles,Lipkind et al 2017;
41.718951746604404,41.76344068809899,4842,19715,zebrafinch,R3280,call,ZF.wav,0,62,Juveniles,Lipkind et al 2017;
41.767151299791024,41.852954144017005,432,13922,zebrafinch,R3280,call,ZF.wav,0,62,Juveniles,Lipkind et al 2017;
41.93584973594421,42.05608083244635,778,18851,zebrafinch,R3280,call,ZF.wav,0,62,Juveniles,Lipkind et al 2017;
42.03224884231746,42.11460886131582,1124,20407,zebrafinch,R3280,call,ZF.wav,0,62,Juveniles,Lipkind et al 2017;
42.172257068240505,42.21100796768907,1384,9252,zebrafinch,R3280,call,ZF.wav,0,62,Juveniles,Lipkind et al 2017;
42.20898053733508,42.25691230405728,4583,20407,zebrafinch,R3280,call,ZF.wav,0,62,Juveniles,Lipkind et al 2017;
42.26177052415852,42.337244892701655,605,14786,zebrafinch,R3280,call,ZF.wav,0,62,Juveniles,Lipkind et al 2017;
42.4086644005368,42.601194826818876,692,22050,zebrafinch,R3280,call,ZF.wav,0,62,Juveniles,Lipkind et al 2017;
42.77589909148251,42.90990148889511,519,17899,zebrafinch,R3280,call,ZF.wav,0,62,Juveniles,Lipkind et al 2017;
42.90902166695032,42.96154386730935,1038,21964,zebrafinch,R3280,call,ZF.wav,0,62,Juveniles,Lipkind et al 2017;
43.37829242563856,43.45686617455692,778,8734,zebrafinch,R3280,call,ZF.wav,0,78,Juveniles,Lipkind et al 2017;
44.12696869703371,44.22360261916555,432,8647,zebrafinch,R3280,call,ZF.wav,0,78,Juveniles,Lipkind et al 2017;
44.37324378630843,44.45017570129829,432,9079,zebrafinch,R3280,call,ZF.wav,0,78,Juveniles,Lipkind et al 2017;
44.699968738079555,44.829439338781356,951,12279,zebrafinch,R3280,call,ZF.wav,0,78,Juveniles,Lipkind et al 2017;
45.3698369809068,45.45333623161065,519,7004,zebrafinch,R3280,call,ZF.wav,0,78,Juveniles,Lipkind et al 2017;
46.54374823978296,46.6370984940578,346,9079,zebrafinch,R3280,call,ZF.wav,0,78,Juveniles,Lipkind et al 2017;
47.34167952903305,47.407118606523426,951,6485,zebrafinch,R3280,call,ZF.wav,0,78,Juveniles,Lipkind et al 2017;
47.831524648306846,47.87353913828387,346,21877,zebrafinch,R3822,call,ZF.wav,0,47,Juveniles,Lipkind et al 2017;
48.099096438126885,48.13115991112712,865,21358,zebrafinch,R3822,call,ZF.wav,0,47,Juveniles,Lipkind et al 2017;
48.42747999836056,48.46175480846675,432,19369,zebrafinch,R3822,call,ZF.wav,0,47,Juveniles,Lipkind et al 2017;
48.4794464203504,48.484973848079235,7004,15132,zebrafinch,R3822,call,ZF.wav,0,47,Juveniles,Lipkind et al 2017;
48.83436602585549,48.84873880200812,1470,8993,zebrafinch,R3822,call,ZF.wav,0,47,Juveniles,Lipkind et al 2017;
48.8697474195507,48.902916561103915,5448,14959,zebrafinch,R3822,call,ZF.wav,0,47,Juveniles,Lipkind et al 2017;
48.97146892642443,48.99468705100087,1729,9339,zebrafinch,R3822,call,ZF.wav,0,47,Juveniles,Lipkind et al 2017;
49.015695668543444,49.05549882141451,3805,21012,zebrafinch,R3822,call,ZF.wav,0,47,Juveniles,Lipkind et al 2017;
49.08535278738089,49.10635957485138,1729,9252,zebrafinch,R3822,call,ZF.wav,0,47,Juveniles,Lipkind et al 2017;
49.142847552135606,49.16938268237097,4064,20753,zebrafinch,R3822,call,ZF.wav,0,47,Juveniles,Lipkind et al 2017;
49.19813097978437,49.22798311567867,1729,14008,zebrafinch,R3822,call,ZF.wav,0,47,Juveniles,Lipkind et al 2017;
49.24678039611529,49.282160874774455,4756,20839,zebrafinch,R3822,call,ZF.wav,0,47,Juveniles,Lipkind et al 2017;
49.30538082942299,49.34407831374108,4756,20839,zebrafinch,R3822,call,ZF.wav,0,47,Juveniles,Lipkind et al 2017;
49.365086931283656,49.401573078495794,4237,20839,zebrafinch,R3822,call,ZF.wav,0,47,Juveniles,Lipkind et al 2017;
49.42811003880325,49.46238484890944,1729,10290,zebrafinch,R3822,call,ZF.wav,0,47,Juveniles,Lipkind et al 2017;
49.48892180921689,49.51435127089928,3978,21185,zebrafinch,R3822,call,ZF.wav,0,47,Juveniles,Lipkind et al 2017;
49.54641657397161,49.58953673250161,1556,9512,zebrafinch,R3822,call,ZF.wav,0,47,Juveniles,Lipkind et al 2017;
49.613862355703105,49.64260882304442,3545,19975,zebrafinch,R3822,call,ZF.wav,0,47,Juveniles,Lipkind et al 2017;
49.67909680032865,49.71779428464674,865,19542,zebrafinch,R3822,call,ZF.wav,0,47,Juveniles,Lipkind et al 2017;
49.74101423929527,49.82504413428535,951,19975,zebrafinch,R3822,call,ZF.wav,0,47,Juveniles,Lipkind et al 2017;
49.90244184802967,50.04396650777447,951,19024,zebrafinch,R3822,call,ZF.wav,0,47,Juveniles,Lipkind et al 2017;
50.37794971495674,50.40377950490831,519,9771,zebrafinch,R3822,call,ZF.wav,0,53,Juveniles,Lipkind et al 2017;
50.6706659327315,50.70598922163793,692,21704,zebrafinch,R3822,call,ZF.wav,0,53,Juveniles,Lipkind et al 2017;
50.80041041844789,50.83098695787689,1470,15132,zebrafinch,R3822,call,ZF.wav,0,53,Juveniles,Lipkind et al 2017;
50.852624662699604,50.87845445265117,4324,21531,zebrafinch,R3822,call,ZF.wav,0,53,Juveniles,Lipkind et al 2017;
50.89534540799646,50.96231369341908,778,9425,zebrafinch,R3822,call,ZF.wav,0,53,Juveniles,Lipkind et al 2017;
50.971293399635314,50.99712318958689,4237,15046,zebrafinch,R3822,call,ZF.wav,0,53,Juveniles,Lipkind et al 2017;
51.07097513866132,51.21389141572279,951,19110,zebrafinch,R3822,call,ZF.wav,0,53,Juveniles,Lipkind et al 2017;
51.27508536619075,51.30724415544556,1729,15132,zebrafinch,R3822,call,ZF.wav,0,53,Juveniles,Lipkind et al 2017;
51.32255286096504,51.36578739900051,4237,22050,zebrafinch,R3822,call,ZF.wav,0,53,Juveniles,Lipkind et al 2017;
51.37002035573932,51.43382414151032,778,11241,zebrafinch,R3822,call,ZF.wav,0,53,Juveniles,Lipkind et al 2017;
51.44755059720399,51.47179813732975,3978,19975,zebrafinch,R3822,call,ZF.wav,0,53,Juveniles,Lipkind et al 2017;
51.55197908570742,51.71388236067861,778,20580,zebrafinch,R3822,call,ZF.wav,0,53,Juveniles,Lipkind et al 2017;
51.74501356445619,51.7455273571948,7177,8301,zebrafinch,R3822,call,ZF.wav,0,53,Juveniles,Lipkind et al 2017;
51.7972278087079,51.79774160144652,6745,8474,zebrafinch,R3822,call,ZF.wav,0,53,Juveniles,Lipkind et al 2017;
51.87317580034676,51.914828088556426,1729,17294,zebrafinch,R3822,call,ZF.wav,0,53,Juveniles,Lipkind et al 2017;
51.96178179059209,52.044572574272806,951,17640,zebrafinch,R3822,call,ZF.wav,0,53,Juveniles,Lipkind et al 2017;
52.059881279792286,52.07147082131157,3199,14700,zebrafinch,R3822,call,ZF.wav,0,53,Juveniles,Lipkind et al 2017;
52.14848727003762,52.29456804675071,951,17208,zebrafinch,R3822,call,ZF.wav,0,53,Juveniles,Lipkind et al 2017;
52.376331244954194,52.403743284731576,951,15219,zebrafinch,R3822,call,ZF.wav,0,53,Juveniles,Lipkind et al 2017;
52.4269632393801,52.46703327776395,4756,19369,zebrafinch,R3822,call,ZF.wav,0,53,Juveniles,Lipkind et al 2017;
52.471266234502764,52.53665227009957,778,16775,zebrafinch,R3822,call,ZF.wav,0,53,Juveniles,Lipkind et al 2017;
52.55512547527067,52.574626265919,3718,18159,zebrafinch,R3822,call,ZF.wav,0,53,Juveniles,Lipkind et al 2017;
52.66113621359991,52.811963739790436,1038,18591,zebrafinch,R3822,call,ZF.wav,0,53,Juveniles,Lipkind et al 2017;
52.83518369443896,52.837279737003385,605,8647,zebrafinch,R3822,call,ZF.wav,0,53,Juveniles,Lipkind et al 2017;
52.865246441129344,52.894240730732534,1729,9771,zebrafinch,R3822,call,ZF.wav,0,53,Juveniles,Lipkind et al 2017;
52.9079671864262,52.94487272515844,4756,21358,zebrafinch,R3822,call,ZF.wav,0,53,Juveniles,Lipkind et al 2017;
52.96018143067791,53.030314215752156,692,15911,zebrafinch,R3822,call,ZF.wav,0,53,Juveniles,Lipkind et al 2017;
53.04720517109744,53.06195921226834,1989,18332,zebrafinch,R3822,call,ZF.wav,0,53,Juveniles,Lipkind et al 2017;
53.156380409078295,53.3040434356172,865,18072,zebrafinch,R3822,call,ZF.wav,0,53,Juveniles,Lipkind et al 2017;
53.39371788294973,53.429041171856156,1729,15651,zebrafinch,R3822,call,ZF.wav,0,53,Juveniles,Lipkind et al 2017;
53.445932127201445,53.4685974175014,3891,20494,zebrafinch,R3822,call,ZF.wav,0,53,Juveniles,Lipkind et al 2017;
53.491817372149924,53.55878565757254,778,15305,zebrafinch,R3822,call,ZF.wav,0,53,Juveniles,Lipkind et al 2017;
53.58042336239526,53.59992415304359,4064,14527,zebrafinch,R3822,call,ZF.wav,0,53,Juveniles,Lipkind et al 2017;
53.67694060176964,53.82143912865693,951,18418,zebrafinch,R3822,call,ZF.wav,0,53,Juveniles,Lipkind et al 2017;
54.25996752289258,54.31989193710271,1729,18159,zebrafinch,R3822,call,ZF.wav,0,66,Juveniles,Lipkind et al 2017;
54.518941786550684,54.547516684633784,432,15651,zebrafinch,R3822,call,ZF.wav,0,66,Juveniles,Lipkind et al 2017;
54.69886074867105,54.731524714075064,519,18937,zebrafinch,R3822,call,ZF.wav,0,66,Juveniles,Lipkind et al 2017;
54.77246396044757,54.80103885853066,4324,14527,zebrafinch,R3822,call,ZF.wav,0,66,Juveniles,Lipkind et al 2017;
54.8269848580598,54.869189980545954,519,19283,zebrafinch,R3822,call,ZF.wav,0,66,Juveniles,Lipkind et al 2017;
54.89377295763479,54.9046285639939,4064,15046,zebrafinch,R3822,call,ZF.wav,0,66,Juveniles,Lipkind et al 2017;
54.940115720605185,54.95506039428522,1038,16170,zebrafinch,R3822,call,ZF.wav,0,66,Juveniles,Lipkind et al 2017;
55.01235590994139,55.04910894266632,1643,19542,zebrafinch,R3822,call,ZF.wav,0,66,Juveniles,Lipkind et al 2017;
55.06415076267301,55.10362984027855,3026,21445,zebrafinch,R3822,call,ZF.wav,0,66,Juveniles,Lipkind et al 2017;
55.121397705165855,55.18268514181629,865,13749,zebrafinch,R3822,call,ZF.wav,0,66,Juveniles,Lipkind et al 2017;
55.19636393938268,55.20721954574179,3286,13144,zebrafinch,R3822,call,ZF.wav,0,66,Juveniles,Lipkind et al 2017;
55.28496039800255,55.43620731571317,778,20753,zebrafinch,R3822,call,ZF.wav,0,66,Juveniles,Lipkind et al 2017;
55.460790292802,55.462104742078985,7350,8388,zebrafinch,R3822,call,ZF.wav,0,66,Juveniles,Lipkind et al 2017;
55.50440701089179,55.54388608849733,1643,20321,zebrafinch,R3822,call,ZF.wav,0,66,Juveniles,Lipkind et al 2017;
55.560290930944326,55.60113303099018,3718,20753,zebrafinch,R3822,call,ZF.wav,0,66,Juveniles,Lipkind et al 2017;
55.61208578367595,55.67064717544577,1038,11328,zebrafinch,R3822,call,ZF.wav,0,66,Juveniles,Lipkind et al 2017;
55.688415040333076,55.70744878133403,3978,17899,zebrafinch,R3822,call,ZF.wav,0,66,Juveniles,Lipkind et al 2017;
55.78518963359479,55.932347483984486,778,21012,zebrafinch,R3822,call,ZF.wav,0,66,Juveniles,Lipkind et al 2017;
56.10277386218604,56.140889917351274,1729,19110,zebrafinch,R3822,call,ZF.wav,0,66,Juveniles,Lipkind et al 2017;
56.15593173735797,56.19949988228443,3805,20753,zebrafinch,R3822,call,ZF.wav,0,66,Juveniles,Lipkind et al 2017;
56.214541702291115,56.271740071620634,1038,12106,zebrafinch,R3822,call,ZF.wav,0,66,Juveniles,Lipkind et al 2017;
56.29359700382886,56.29763749798644,3199,11933,zebrafinch,R3822,call,ZF.wav,0,66,Juveniles,Lipkind et al 2017;
56.38219346244873,56.53752944748027,778,19629,zebrafinch,R3822,call,ZF.wav,0,66,Juveniles,Lipkind et al 2017;
56.62481145682317,56.66429053442871,1729,20839,zebrafinch,R3822,call,ZF.wav,0,66,Juveniles,Lipkind et al 2017;
56.68205839931601,56.718811432040944,3199,19975,zebrafinch,R3822,call,ZF.wav,0,66,Juveniles,Lipkind et al 2017;
56.73657929692824,56.79650371113837,778,19369,zebrafinch,R3822,call,ZF.wav,0,66,Juveniles,Lipkind et al 2017;
56.816997620906285,56.81831207018327,3372,12452,zebrafinch,R3822,call,ZF.wav,0,66,Juveniles,Lipkind et al 2017;
56.91922430392923,57.07592331140106,951,20234,zebrafinch,R3822,call,ZF.wav,0,66,Juveniles,Lipkind et al 2017;
57.100506288489896,57.11954002949085,3978,8561,zebrafinch,R3822,call,ZF.wav,0,66,Juveniles,Lipkind et al 2017;
57.50364313117709,57.56889572401751,865,19629,zebrafinch,R3822,call,ZF.wav,0,84,Juveniles,Lipkind et al 2017;
57.795148832518855,57.8286420493376,778,8647,zebrafinch,R3822,call,ZF.wav,0,84,Juveniles,Lipkind et al 2017;
57.970959664067394,58.00331861745679,346,19456,zebrafinch,R3822,call,ZF.wav,0,84,Juveniles,Lipkind et al 2017;
58.10480274873015,58.13262464840217,432,19110,zebrafinch,R3822,call,ZF.wav,0,84,Juveniles,Lipkind et al 2017;
58.167187237344145,58.17686092214664,2681,15392,zebrafinch,R3822,call,ZF.wav,0,84,Juveniles,Lipkind et al 2017;
58.210289247659276,58.25512509877147,1643,15565,zebrafinch,R3822,call,ZF.wav,0,84,Juveniles,Lipkind et al 2017;
58.27040520941458,58.331120748537614,3891,21964,zebrafinch,R3822,call,ZF.wav,0,84,Juveniles,Lipkind et al 2017;
58.330521171169885,58.39463950058095,865,19629,zebrafinch,R3822,call,ZF.wav,0,84,Juveniles,Lipkind et al 2017;
58.40878534779472,58.418459032597205,3459,17726,zebrafinch,R3822,call,ZF.wav,0,84,Juveniles,Lipkind et al 2017;
58.50179494900104,58.64190892817825,778,19456,zebrafinch,R3822,call,ZF.wav,0,84,Juveniles,Lipkind et al 2017;
58.72864763487012,58.76781216883559,1729,19369,zebrafinch,R3822,call,ZF.wav,0,84,Juveniles,Lipkind et al 2017;
58.784226542908044,58.83133092087893,4237,20839,zebrafinch,R3822,call,ZF.wav,0,84,Juveniles,Lipkind et al 2017;
58.85001382181007,58.911863624362454,519,10895,zebrafinch,R3822,call,ZF.wav,0,84,Juveniles,Lipkind et al 2017;
58.92260668128818,58.947025790672164,3459,17381,zebrafinch,R3822,call,ZF.wav,0,84,Juveniles,Lipkind et al 2017;
59.02469038992927,59.16820715939451,778,19715,zebrafinch,R3822,call,ZF.wav,0,84,Juveniles,Lipkind et al 2017;
59.190592639297556,59.190592639297556,6918,7696,zebrafinch,R3822,call,ZF.wav,0,84,Juveniles,Lipkind et al 2017;
59.33207577928187,59.37577736696472,1729,21445,zebrafinch,R3822,call,ZF.wav,0,84,Juveniles,Lipkind et al 2017;
59.38992321417849,59.43929611900806,3805,20753,zebrafinch,R3822,call,ZF.wav,0,84,Juveniles,Lipkind et al 2017;
59.454576229651174,59.51869455906224,778,19456,zebrafinch,R3822,call,ZF.wav,0,84,Juveniles,Lipkind et al 2017;
59.52830335255862,59.53797703736112,3372,12192,zebrafinch,R3822,call,ZF.wav,0,84,Juveniles,Lipkind et al 2017;
59.57680933698967,59.57680933698967,3978,7264,zebrafinch,R3822,call,ZF.wav,0,84,Juveniles,Lipkind et al 2017;
59.631521324629055,59.779575147811684,778,19629,zebrafinch,R3822,call,ZF.wav,0,84,Juveniles,Lipkind et al 2017;
60.19715916384769,60.41928324845421,778,22050,zebrafinch,R5018,call,ZF.wav,0,38,Juveniles,unpublished
61.808251688289154,62.0358278626569,778,22050,zebrafinch,R5018,call,ZF.wav,0,38,Juveniles,unpublished
63.66741429686628,63.870456067308524,778,22050,zebrafinch,R5018,call,ZF.wav,0,38,Juveniles,unpublished
64.93229912147008,65.09717626358375,692,22050,zebrafinch,R5018,call,ZF.wav,0,38,Juveniles,unpublished
66.12085468941675,66.27755369688859,519,22050,zebrafinch,R5018,call,ZF.wav,0,38,Juveniles,unpublished
66.6999026306333,66.86304501691387,2162,21877,zebrafinch,R5018,call,ZF.wav,0,39,Juveniles,unpublished
67.68326136574848,67.84045601774407,2162,21877,zebrafinch,R5018,call,ZF.wav,0,39,Juveniles,unpublished
68.39104174566002,68.51651514813575,2162,21358,zebrafinch,R5018,call,ZF.wav,0,39,Juveniles,unpublished
68.81531345798793,68.94475201665365,2162,22050,zebrafinch,R5018,call,ZF.wav,0,39,Juveniles,unpublished
69.44973844838482,69.6089156784754,1989,22050,zebrafinch,R5018,call,ZF.wav,0,39,Juveniles,unpublished
70.0464944549769,70.1580898107877,2162,21618,zebrafinch,R5018,call,ZF.wav,0,39,Juveniles,unpublished
70.81573475583312,71.00663323544354,2162,21877,zebrafinch,R5018,call,ZF.wav,0,39,Juveniles,unpublished
71.43254781492253,71.54318047656221,778,20494,zebrafinch,R5018,call,ZF.wav,0,43,Juveniles,unpublished
72.6141929544131,72.8903422921081,605,21877,zebrafinch,R5018,call,ZF.wav,0,43,Juveniles,unpublished
72.99272239617439,73.06305534538322,519,20234,zebrafinch,R5018,call,ZF.wav,0,43,Juveniles,unpublished
73.0949109526955,73.11055143503387,14008,15651,zebrafinch,R5018,call,ZF.wav,0,43,Juveniles,unpublished
73.12801428790657,73.20698288977914,1211,20321,zebrafinch,R5018,call,ZF.wav,0,43,Juveniles,unpublished
73.22732429353975,73.24152550043416,5534,9858,zebrafinch,R5018,call,ZF.wav,0,43,Juveniles,unpublished
73.27913820952229,73.34515333239924,778,20753,zebrafinch,R5018,call,ZF.wav,0,43,Juveniles,unpublished
73.36981256249172,73.37681739216634,13057,14527,zebrafinch,R5018,call,ZF.wav,0,43,Juveniles,unpublished
73.41874792758634,73.45453826614015,865,20407,zebrafinch,R5018,call,ZF.wav,0,43,Juveniles,unpublished
73.45472981368532,73.53801624188978,692,10204,zebrafinch,R5018,call,ZF.wav,0,43,Juveniles,unpublished
73.52669358588328,73.72943987593636,692,20580,zebrafinch,R5018,call,ZF.wav,0,43,Juveniles,unpublished
73.7771275131322,73.78413234280681,951,9771,zebrafinch,R5018,call,ZF.wav,0,43,Juveniles,unpublished
73.83613780633453,73.9294991626467,1038,16602,zebrafinch,R5018,call,ZF.wav,0,43,Juveniles,unpublished
74.02756144038112,74.07054815615471,692,20580,zebrafinch,R5018,call,ZF.wav,0,43,Juveniles,unpublished
74.10806509147025,74.10806509147025,2508,19542,zebrafinch,R5018,call,ZF.wav,0,43,Juveniles,unpublished
74.14846057767369,74.2058400478869,519,19369,zebrafinch,R5018,call,ZF.wav,0,43,Juveniles,unpublished
74.27799536763003,74.35840324494657,778,19629,zebrafinch,R5018,call,ZF.wav,0,43,Juveniles,unpublished
74.38738030137094,74.43468484347642,1038,18418,zebrafinch,R5018,call,ZF.wav,0,43,Juveniles,unpublished
74.86563688224345,74.94421468747231,1038,22050,zebrafinch,R5018,call,ZF.wav,0,50,Juveniles,unpublished
75.2225009393417,75.22787586106323,1124,11241,zebrafinch,R5018,call,ZF.wav,0,50,Juveniles,unpublished
75.30599797834225,75.4863735434485,1297,20061,zebrafinch,R5018,call,ZF.wav,0,50,Juveniles,unpublished
75.54733873490548,75.56186401706543,1038,18072,zebrafinch,R5018,call,ZF.wav,0,50,Juveniles,unpublished
75.57822120138515,75.62820413024394,778,20494,zebrafinch,R5018,call,ZF.wav,0,50,Juveniles,unpublished
75.66383380371906,75.66383380371906,2854,18505,zebrafinch,R5018,call,ZF.wav,0,50,Juveniles,unpublished
75.6878534998699,75.6878534998699,5015,8215,zebrafinch,R5018,call,ZF.wav,0,50,Juveniles,unpublished
75.717764198071,75.95075433569814,778,20666,zebrafinch,R5018,call,ZF.wav,0,50,Juveniles,unpublished
76.00371296177151,76.08343456205517,951,14441,zebrafinch,R5018,call,ZF.wav,0,50,Juveniles,unpublished
76.07920343538845,76.13604913457607,1124,19283,zebrafinch,R5018,call,ZF.wav,0,50,Juveniles,unpublished
76.13296180296415,76.18523232193256,1038,19802,zebrafinch,R5018,call,ZF.wav,0,50,Juveniles,unpublished
76.25077269360877,76.27101695104271,778,10809,zebrafinch,R5018,call,ZF.wav,0,50,Juveniles,unpublished
76.30796244634887,76.44601759442743,778,14959,zebrafinch,R5018,call,ZF.wav,0,50,Juveniles,unpublished
76.46466236885675,76.50892632244155,1297,19629,zebrafinch,R5018,call,ZF.wav,0,50,Juveniles,unpublished
76.49897622050082,76.55010294441442,1124,11068,zebrafinch,R5018,call,ZF.wav,0,50,Juveniles,unpublished
76.63051265180306,76.8612151993206,951,20321,zebrafinch,R5018,call,ZF.wav,0,50,Juveniles,unpublished
76.88901033418833,76.89896043612906,3891,15651,zebrafinch,R5018,call,ZF.wav,0,50,Juveniles,unpublished
76.96450080780527,76.98588886029401,1211,10809,zebrafinch,R5018,call,ZF.wav,0,50,Juveniles,unpublished
77.01025260999735,77.09340559544542,951,14700,zebrafinch,R5018,call,ZF.wav,0,50,Juveniles,unpublished
77.06744236273745,77.12886324214428,1211,11068,zebrafinch,R5018,call,ZF.wav,0,50,Juveniles,unpublished
77.12463211547755,77.16317709378833,1038,15046,zebrafinch,R5018,call,ZF.wav,0,50,Juveniles,unpublished
77.23214885062895,77.23637997729567,1038,7696,zebrafinch,R5018,call,ZF.wav,0,50,Juveniles,unpublished
77.56403119605696,77.56403119605696,3459,18332,zebrafinch,R5018,call,ZF.wav,0,69,Juveniles,unpublished
77.58622127763815,77.64905283761256,951,20234,zebrafinch,R5018,call,ZF.wav,0,69,Juveniles,unpublished
77.78018985568166,77.83526267253434,865,16775,zebrafinch,R5018,call,ZF.wav,0,69,Juveniles,unpublished
77.86271466888563,77.88393115211616,3978,8906,zebrafinch,R5018,call,ZF.wav,0,69,Juveniles,unpublished
77.91914189158919,78.00383900036125,605,21791,zebrafinch,R5018,call,ZF.wav,0,69,Juveniles,unpublished
78.11593183076789,78.16606726563401,692,20321,zebrafinch,R5018,call,ZF.wav,0,69,Juveniles,unpublished
78.1674216714849,78.28879647501428,605,20148,zebrafinch,R5018,call,ZF.wav,0,69,Juveniles,unpublished
78.29085622114896,78.34875039913682,519,10982,zebrafinch,R5018,call,ZF.wav,0,69,Juveniles,unpublished
78.39947862485333,78.43903395546252,1038,15392,zebrafinch,R5018,call,ZF.wav,0,69,Juveniles,unpublished
78.44109370159721,78.57798599137007,778,17899,zebrafinch,R5018,call,ZF.wav,0,69,Juveniles,unpublished
78.58004573750475,78.60267290130288,1124,13749,zebrafinch,R5018,call,ZF.wav,0,69,Juveniles,unpublished
78.62448217538382,78.64640399889814,4842,16689,zebrafinch,R5018,call,ZF.wav,0,69,Juveniles,unpublished
78.68090939808738,78.70000986046654,1902,10809,zebrafinch,R5018,call,ZF.wav,0,69,Juveniles,unpublished
78.71617641227712,78.81921236842783,1124,12192,zebrafinch,R5018,call,ZF.wav,0,69,Juveniles,unpublished
78.81210269087319,78.84319393807684,1211,10982,zebrafinch,R5018,call,ZF.wav,0,69,Juveniles,unpublished
78.97292027557836,78.99836880051166,519,16602,zebrafinch,R5018,call,ZF.wav,0,69,Juveniles,unpublished
79.00748194948429,79.04068921753934,605,16948,zebrafinch,R5018,call,ZF.wav,0,69,Juveniles,unpublished
79.27452250273795,79.36880842671943,432,22050,zebrafinch,R5018,call,ZF.wav,0,85,Juveniles,unpublished
79.95656749391644,80.05979408257627,778,20839,zebrafinch,R5018,call,ZF.wav,0,85,Juveniles,unpublished
80.19285648898763,80.26798384580117,692,20753,zebrafinch,R5018,call,ZF.wav,0,85,Juveniles,unpublished
80.94004060853709,81.05603957530889,346,21099,zebrafinch,R5018,call,ZF.wav,0,85,Juveniles,unpublished
81.09841809712536,81.10457461213433,8301,8993,zebrafinch,R5018,call,ZF.wav,0,85,Juveniles,unpublished
81.1724978901747,81.38812140621977,692,21877,zebrafinch,R5018,call,ZF.wav,0,85,Juveniles,unpublished
81.41517307430188,81.41877511368845,12365,14008,zebrafinch,R5018,call,ZF.wav,0,85,Juveniles,unpublished
81.46243087331612,81.60397459631183,951,21704,zebrafinch,R5018,call,ZF.wav,0,85,Juveniles,unpublished
81.7025515818209,81.74319351773215,1470,21358,zebrafinch,R5018,call,ZF.wav,0,85,Juveniles,unpublished
81.74470042959035,81.79556026799118,2248,21099,zebrafinch,R5018,call,ZF.wav,0,85,Juveniles,unpublished
81.79706717984938,81.88241243915249,778,21964,zebrafinch,R5018,call,ZF.wav,0,85,Juveniles,unpublished
81.90563239380101,81.9347791894115,5880,17554,zebrafinch,R5018,call,ZF.wav,0,85,Juveniles,unpublished
82.04996026646612,82.08038429988781,778,21791,zebrafinch,R5018,call,ZF.wav,0,85,Juveniles,unpublished
